{
    "data": {
        "attributes": {
            "position": {
                "itemSize": 3,
                "type": "Float32Array",
                "array": [53.7683,9.80647,35.7321,52.5628,9.10264,35.7321,63.6601,16.1287,35.7321,60.8858,14.221,35.7321,60.8858,14.221,35.7321,51.6229,8.60701,35.7321,51.9086,8.73941,35.7321,55.7099,10.9606,35.7321,58.1585,12.4641,35.7321,58.1585,12.4641,35.7321,51.521,8.59917,35.7321,51.4208,8.60701,35.7321,51.1316,8.73767,35.7321,51.1316,8.73767,35.7321,71.0328,22.2496,35.7321,68.7019,20.1251,35.7321,68.7019,20.1251,35.7321,73.2819,24.4813,35.7321,71.0328,22.2496,35.7321,50.4687,9.10177,35.7321,66.255,18.092,35.7321,49.2483,9.80472,35.7321,50.4687,9.10177,35.7321,14.343,58.425,35.7321,14.5259,59.9633,35.7321,79.5876,31.949,35.7321,77.5911,29.3279,35.7321,14.3168,56.6289,35.7321,14.343,58.425,35.7321,81.4334,34.7076,35.7321,14.863,61.3387,35.7321,75.4796,26.8402,35.7321,15.3508,62.6488,35.7321,75.4796,26.8402,35.7321,48.0637,67.5329,35.7321,48.6099,67.255,35.7321,85.7791,43.6239,35.7321,84.5509,40.5934,35.7321,47.2458,68.0904,35.7321,86.7573,46.6482,35.7321,49.0706,67.1627,35.7321,83.0945,37.6057,35.7321,49.6334,67.1627,35.7321,49.0706,67.1627,35.7321,47.2789,10.9598,35.7321,44.7989,12.4641,35.7321,88.0021,55.3301,35.7321,87.8845,52.5131,35.7321,87.8009,58.0522,35.7321,42.0411,14.2193,35.7321,87.4655,49.6151,35.7321,39.2389,16.1287,35.7321,36.6283,18.0903,35.7321,34.1737,20.1251,35.7321,85.4002,65.3927,35.7321,86.4464,63.127,35.7321,84.1798,67.4197,35.7321,31.841,22.2496,35.7321,87.2643,60.6654,35.7321,29.5919,24.4813,35.7321,27.3942,26.8402,35.7321,25.281,29.3279,35.7321,79.7696,71.8734,35.7321,81.3689,70.6461,35.7321,81.3689,70.6461,35.7321,27.3942,26.8402,35.7321,78.0345,72.8647,35.7321,23.2845,31.949,35.7321,82.8375,69.167,35.7321,21.4404,34.7076,35.7321,23.2845,31.949,35.7321,82.8375,69.167,35.7321,19.7776,37.6057,35.7321,18.3185,40.5804,35.7321,18.3185,40.5804,35.7321,72.1678,74.4892,35.7321,74.1887,74.1765,35.7321,19.7776,37.6057,35.7321,70.1417,74.5676,35.7321,17.0738,43.5725,35.7321,76.1591,73.6338,35.7321,16.0651,46.5219,35.7321,76.1591,73.6338,35.7321,15.9841,63.9911,35.7321,16.7672,65.3517,35.7321,56.9102,69.0181,35.7321,58.5243,70.1635,35.7321,55.6411,68.0904,35.7321,56.9102,69.0181,35.7321,17.7079,66.7211,35.7321,60.3658,71.3734,35.7321,18.8115,68.0843,35.7321,62.317,72.4928,35.7321,20.0833,69.4327,35.7321,21.5153,70.7132,35.7321,21.5153,70.7132,35.7321,64.2559,73.3725,35.7321,66.1993,74.011,35.7321,23.1042,71.8734,35.7321,68.1566,74.41,35.7321,24.8393,72.8647,35.7321,15.3072,49.3633,35.7321,14.7768,52.0358,35.7321,26.7147,73.6338,35.7321,28.6851,74.1765,35.7321,28.6851,74.1765,35.7321,26.7147,73.6338,35.7321,14.4553,54.4782,35.7321,30.706,74.4892,35.7321,32.7321,74.5676,35.7321,53.8598,67.1627,35.7321,54.3049,67.255,35.7321,54.3049,67.255,35.7321,42.5072,71.3734,35.7321,44.3512,70.1635,35.7321,53.311,67.1627,35.7321,53.8598,67.1627,35.7321,40.5568,72.4928,35.7321,54.8354,67.5329,35.7321,45.9688,69.0181,35.7321,50.4835,67.1627,35.7321,51.4774,67.1627,35.7321,34.7172,74.41,35.7321,36.6745,74.011,35.7321,36.6745,74.011,35.7321,50.4835,67.1627,35.7321,34.7172,74.41,35.7321,52.4678,67.1627,35.7321,38.617,73.3725,35.7321,-52.5628,9.10264,35.7321,-53.7683,9.80647,35.7321,-60.8858,14.221,35.7321,-63.6601,16.1287,35.7321,-60.8858,14.221,35.7321,-51.9086,8.73941,35.7321,-51.6229,8.60701,35.7321,-58.1585,12.4641,35.7321,-55.7099,10.9606,35.7321,-58.1585,12.4641,35.7321,-51.521,8.59917,35.7321,-51.1316,8.73767,35.7321,-51.4208,8.60701,35.7321,-51.1316,8.73767,35.7321,-68.7019,20.1251,35.7321,-71.0328,22.2496,35.7321,-68.7019,20.1251,35.7321,-71.0328,22.2496,35.7321,-73.2819,24.4813,35.7321,-50.4687,9.10177,35.7321,-66.255,18.092,35.7321,-50.4687,9.10177,35.7321,-49.2483,9.80472,35.7321,-14.5259,59.9633,35.7321,-14.343,58.425,35.7321,-77.5911,29.3279,35.7321,-79.5876,31.949,35.7321,-14.343,58.425,35.7321,-14.3168,56.6289,35.7321,-81.4334,34.7076,35.7321,-14.863,61.3387,35.7321,-75.4796,26.8402,35.7321,-15.3508,62.6488,35.7321,-75.4796,26.8402,35.7321,-48.6099,67.255,35.7321,-48.0637,67.5329,35.7321,-84.5509,40.5934,35.7321,-85.7791,43.6239,35.7321,-47.2458,68.0904,35.7321,-86.7573,46.6482,35.7321,-49.0706,67.1627,35.7321,-83.0945,37.6057,35.7321,-49.0706,67.1627,35.7321,-49.6334,67.1627,35.7321,-44.7989,12.4641,35.7321,-47.2789,10.9598,35.7321,-87.8845,52.5131,35.7321,-88.0021,55.3301,35.7321,-87.8009,58.0522,35.7321,-42.0411,14.2193,35.7321,-87.4655,49.6151,35.7321,-39.2389,16.1287,35.7321,-34.1737,20.1251,35.7321,-36.6283,18.0903,35.7321,-86.4464,63.127,35.7321,-85.4002,65.3927,35.7321,-84.1798,67.4197,35.7321,-31.841,22.2496,35.7321,-87.2643,60.6654,35.7321,-29.5919,24.4813,35.7321,-25.281,29.3279,35.7321,-27.3942,26.8402,35.7321,-81.3689,70.6461,35.7321,-79.7696,71.8734,35.7321,-81.3689,70.6461,35.7321,-27.3942,26.8402,35.7321,-78.0345,72.8647,35.7321,-23.2845,31.949,35.7321,-82.8375,69.167,35.7321,-23.2845,31.949,35.7321,-21.4404,34.7076,35.7321,-82.8375,69.167,35.7321,-18.3185,40.5804,35.7321,-19.7776,37.6057,35.7321,-18.3185,40.5804,35.7321,-74.1887,74.1765,35.7321,-72.1678,74.4892,35.7321,-19.7776,37.6057,35.7321,-70.1417,74.5676,35.7321,-17.0738,43.5725,35.7321,-76.1591,73.6338,35.7321,-16.0651,46.5219,35.7321,-76.1591,73.6338,35.7321,-16.7672,65.3517,35.7321,-15.9841,63.9911,35.7321,-58.5243,70.1635,35.7321,-56.9102,69.0181,35.7321,-56.9102,69.0181,35.7321,-55.6411,68.0904,35.7321,-17.7079,66.7211,35.7321,-60.3658,71.3734,35.7321,-18.8115,68.0843,35.7321,-62.317,72.4928,35.7321,-21.5153,70.7132,35.7321,-20.0833,69.4327,35.7321,-21.5153,70.7132,35.7321,-66.1993,74.011,35.7321,-64.2559,73.3725,35.7321,-23.1042,71.8734,35.7321,-68.1566,74.41,35.7321,-24.8393,72.8647,35.7321,-14.7768,52.0358,35.7321,-15.3072,49.3633,35.7321,-28.6851,74.1765,35.7321,-26.7147,73.6338,35.7321,-28.6851,74.1765,35.7321,-26.7147,73.6338,35.7321,-14.4553,54.4782,35.7321,-30.706,74.4892,35.7321,-32.7321,74.5676,35.7321,-54.3049,67.255,35.7321,-53.8598,67.1627,35.7321,-54.3049,67.255,35.7321,-44.3512,70.1635,35.7321,-42.5072,71.3734,35.7321,-53.8598,67.1627,35.7321,-53.311,67.1627,35.7321,-40.5568,72.4928,35.7321,-54.8354,67.5329,35.7321,-45.9688,69.0181,35.7321,-51.4774,67.1627,35.7321,-50.4835,67.1627,35.7321,-36.6745,74.011,35.7321,-34.7172,74.41,35.7321,-36.6745,74.011,35.7321,-50.4835,67.1627,35.7321,-34.7172,74.41,35.7321,-52.4678,67.1627,35.7321,-38.617,73.3725,35.7321,51.521,8.59917,35.7321,73.2819,24.4813,35.7321,49.2483,9.80472,35.7321,29.5919,24.4813,35.7321,78.0345,72.8647,35.7321,-51.521,8.59917,35.7321,-73.2819,24.4813,35.7321,-49.2483,9.80472,35.7321,-29.5919,24.4813,35.7321,-78.0345,72.8647,35.7321]
            },
            "normal": {
                "itemSize": 3,
                "type": "Float32Array",